Data entrada;Descricao;User;Data tratamento
02-01-2026;1.62631280_1;ofcação;06-01-2026
02-01-2026;1.59826266_1;ofcação;06-01-2026
06-01-2026;1.56476992_1;;
09-01-2026;1.60938678_1;ofcação;09-01-2026
20-01-2026;1.50662537_1;ofcação;21-01-2026
20-01-2026;1.53327089_1;;
25-02-2026;1.45819658_1;ofcação;03-03-2026
26-02-2026;1.51786731_1;;
12-05-2026;1.62496771_1;;
29-05-2026;1.11534717_1;;
08-06-2026;1.59341697_1;;
30-06-2026;1.60927494_1;;
22-07-2026;1.25905970_1;;
12-08-2026;5.71790.00.00.103151_1;;
08-10-2026;1.30728942_1;;
08-10-2026;1.59066651_1;;
